feature,vif
implied_prob_h,10.6746252422401
implied_prob_d,27.903290063744066
implied_prob_a,12.289236285865561
points_form_diff,1.8129860130770035
home_strength_rating,1.334803131190947
